<?xml version="1.0" encoding="UTF-8"?>
<project-private xmlns="http://www.netbeans.org/ns/project-private/1">
    <editor-bookmarks xmlns="http://www.netbeans.org/ns/editor-bookmarks/2" lastBookmarkId="0"/>
    <open-files xmlns="http://www.netbeans.org/ns/projectui-open-files/2">
        <group>
            <file>file://nasstudusers/5$/N0570451/NetBeansProjects/ChatMessage/src/chatmessage/ServerGUI1.java</file>
            <file>file://nasstudusers/5$/N0570451/NetBeansProjects/ChatMessage/src/chatmessage/Client.java</file>
            <file>file://nasstudusers/5$/N0570451/NetBeansProjects/ChatMessage/src/chatmessage/ServerGUI.java</file>
            <file>file://nasstudusers/5$/N0570451/NetBeansProjects/ChatMessage/src/chatmessage/ClientGUI.java</file>
            <file>file://nasstudusers/5$/N0570451/NetBeansProjects/ChatMessage/src/chatmessage/ChatMessage.java</file>
            <file>file://nasstudusers/5$/N0570451/NetBeansProjects/ChatMessage/src/chatmessage/Server.java</file>
        </group>
    </open-files>
</project-private>
