<?xml version="1.0" encoding="UTF-8"?>
<project-private xmlns="http://www.netbeans.org/ns/project-private/1">
    <editor-bookmarks xmlns="http://www.netbeans.org/ns/editor-bookmarks/2" lastBookmarkId="0"/>
    <open-files xmlns="http://www.netbeans.org/ns/projectui-open-files/2">
        <group>
            <file>file://nasstudusers/4$/N0557446/NetBeansProjects/LoginForm/src/Secure/ChatMain.java</file>
            <file>file://nasstudusers/4$/N0557446/NetBeansProjects/LoginForm/src/Secure/ServerWindow.java</file>
            <file>file://nasstudusers/4$/N0557446/NetBeansProjects/LoginForm/src/Secure/musicpage.java</file>
            <file>file://nasstudusers/4$/N0557446/NetBeansProjects/LoginForm/src/Secure/ChatMain_1.java</file>
        </group>
    </open-files>
</project-private>
