<?xml version="1.0" encoding="UTF-8"?>
<project-private xmlns="http://www.netbeans.org/ns/project-private/1">
    <editor-bookmarks xmlns="http://www.netbeans.org/ns/editor-bookmarks/2" lastBookmarkId="0"/>
    <open-files xmlns="http://www.netbeans.org/ns/projectui-open-files/2">
        <group>
            <file>file:/C:/Users/Ahmed/Documents/NetBeansProjects/Login/src/Model/UserInfo.java</file>
            <file>file:/C:/Users/Ahmed/Documents/NetBeansProjects/Login/src/Controller/UserinfoController.java</file>
            <file>file:/C:/Users/Ahmed/Documents/NetBeansProjects/Login/src/View/LoginForm.java</file>
            <file>file:/C:/Users/Ahmed/Documents/NetBeansProjects/Login/src/Utility/SQLUtility.java</file>
        </group>
    </open-files>
</project-private>
